callsgn,ptentVtsYr,vyg,comCnt,vslKornNm,vslEngNm,ptentDt,dfptDt,ioprtVtsType,ioprtVtsNm,fcltSpecCd,fcltSpecSubCd,fcltKornNm,updtDt,jobDt
150040,2025,001,001,오성호,OSUNG,20250101140100,20250102000100,3,입항,WAM,02,정박지 02,20250102060105,20250101140100
150040,2025,001,002,오성호,OSUNG,20250101140100,20250102000100,8,양묘,WAM,02,정박지 02,20250102060105,20250101170100
150040,2025,001,003,오성호,OSUNG,20250101140100,20250102000100,4,접안,MDU,05,SK5부두,20250102060105,20250101170100
150040,2025,001,004,오성호,OSUNG,20250101140100,20250102000100,9,출항,MDU,05,SK5부두,20250102060105,20250102000100
150040,2025,002,001,오성호,OSUNG,20250104110100,20250104170100,3,입항,WAM,02,정박지 02,20250104210151,20250104110100
150040,2025,002,002,오성호,OSUNG,20250104110100,20250104170100,8,양묘,WAM,02,정박지 02,20250104210151,20250104110100
150040,2025,002,003,오성호,OSUNG,20250104110100,20250104170100,4,접안,MDU,05,SK5부두,20250104210151,20250104120100
150040,2025,002,004,오성호,OSUNG,20250104110100,20250104170100,9,출항,MDU,05,SK5부두,20250104210151,20250104170100
150040,2025,003,001,오성호,OSUNG,20250106160100,20250108060100,3,입항,WAM,01,정박지 01,20250108080144,20250106160100
150040,2025,003,002,오성호,OSUNG,20250106160100,20250108060100,8,양묘,WAM,01,정박지 01,20250108080144,20250106190100
150040,2025,003,003,오성호,OSUNG,20250106160100,20250108060100,4,접안,MBU,01,SK2부두 01,20250108080144,20250106190100
150040,2025,003,004,오성호,OSUNG,20250106160100,20250108060100,5,이안,MBU,01,SK2부두 01,20250108080144,20250107020100
150040,2025,003,005,오성호,OSUNG,20250106160100,20250108060100,7,투묘,WAM,06,정박지 06,20250108080144,20250107020100
150040,2025,003,006,오성호,OSUNG,20250106160100,20250108060100,8,양묘,WAM,06,정박지 06,20250108080144,20250107080100
150040,2025,003,007,오성호,OSUNG,20250106160100,20250108060100,4,접안,MQP,03,현중해양의장안벽,20250108080144,20250107080100
150040,2025,003,008,오성호,OSUNG,20250106160100,20250108060100,5,이안,MQP,03,현중해양의장안벽,20250108080144,20250107160100
150040,2025,003,009,오성호,OSUNG,20250106160100,20250108060100,7,투묘,WAM,02,정박지 02,20250108080144,20250107160100
150040,2025,003,010,오성호,OSUNG,20250106160100,20250108060100,8,양묘,WAM,02,정박지 02,20250108080144,20250107220100
150040,2025,003,011,오성호,OSUNG,20250106160100,20250108060100,4,접안,MBU,01,SK2부두 01,20250108080144,20250107220100
150040,2025,003,012,오성호,OSUNG,20250106160100,20250108060100,9,출항,MBU,01,SK2부두 01,20250108080144,20250108060100
150040,2025,004,001,오성호,OSUNG,20250108190100,20250109060100,3,입항,WAM,01,정박지 01,20250109070152,20250108190100
150040,2025,004,002,오성호,OSUNG,20250108190100,20250109060100,8,양묘,WAM,01,정박지 01,20250109070152,20250108220100
150040,2025,004,003,오성호,OSUNG,20250108190100,20250109060100,4,접안,MBU,11,SK1부두 11,20250109070152,20250108220100
150040,2025,004,004,오성호,OSUNG,20250108190100,20250109060100,9,출항,MBU,11,SK1부두 11,20250109070152,20250109060100
150040,2025,005,001,오성호,OSUNG,20250109190100,20250111020100,3,입항,WAM,01,정박지 01,20250111060149,20250109190100
150040,2025,005,002,오성호,OSUNG,20250109190100,20250111020100,8,양묘,WAM,01,정박지 01,20250111060149,20250110080100
150040,2025,005,003,오성호,OSUNG,20250109190100,20250111020100,4,접안,MDU,05,SK5부두,20250111060149,20250110080100
150040,2025,005,004,오성호,OSUNG,20250109190100,20250111020100,5,이안,MDU,05,SK5부두,20250111060149,20250110140100
150040,2025,005,005,오성호,OSUNG,20250109190100,20250111020100,7,투묘,WAM,05,정박지 05,20250111060149,20250110140100
150040,2025,005,006,오성호,OSUNG,20250109190100,20250111020100,9,출항,WAM,05,정박지 05,20250111060149,20250111020100
150040,2025,006,001,오성호,OSUNG,20250113080100,20250114050100,3,입항,MDU,05,SK5부두,20250114070121,20250113080100
150040,2025,006,002,오성호,OSUNG,20250113080100,20250114050100,5,이안,MDU,05,SK5부두,20250114070121,20250113130100
150040,2025,006,003,오성호,OSUNG,20250113080100,20250114050100,7,투묘,WAM,01,정박지 01,20250114070121,20250113130100
150040,2025,006,004,오성호,OSUNG,20250113080100,20250114050100,9,출항,WAM,01,정박지 01,20250114070121,20250114050100
150040,2025,007,001,오성호,OSUNG,20250115050100,20250115180100,3,입항,WAM,05,정박지 05,20250115190101,20250115050100
150040,2025,007,002,오성호,OSUNG,20250115050100,20250115180100,8,양묘,WAM,05,정박지 05,20250115190101,20250115100100
150040,2025,007,003,오성호,OSUNG,20250115050100,20250115180100,4,접안,MBU,01,SK2부두 01,20250115190101,20250115110100
150040,2025,007,004,오성호,OSUNG,20250115050100,20250115180100,9,출항,MBU,01,SK2부두 01,20250115190101,20250115180100
150040,2025,008,001,오성호,OSUNG,20250120010100,20250121090100,3,입항,WAM,01,정박지 01,20250121110136,20250120010100
150040,2025,008,002,오성호,OSUNG,20250120010100,20250121090100,8,양묘,WAM,01,정박지 01,20250121110136,20250120230100
150040,2025,008,003,오성호,OSUNG,20250120010100,20250121090100,4,접안,MBU,11,SK1부두 11,20250121110136,20250121000100
150040,2025,008,004,오성호,OSUNG,20250120010100,20250121090100,9,출항,MBU,11,SK1부두 11,20250121110136,20250121090100
150040,2025,009,001,오성호,OSUNG,20250122220100,20250124030100,3,입항,WAM,01,정박지 01,20250124070154,20250122220100
150040,2025,009,002,오성호,OSUNG,20250122220100,20250124030100,8,양묘,WAM,01,정박지 01,20250124070154,20250123080100
150040,2025,009,003,오성호,OSUNG,20250122220100,20250124030100,4,접안,MBU,01,SK2부두 01,20250124070154,20250123080100
150040,2025,009,004,오성호,OSUNG,20250122220100,20250124030100,5,이안,MBU,01,SK2부두 01,20250124070154,20250123150100
150040,2025,009,005,오성호,OSUNG,20250122220100,20250124030100,7,투묘,WAM,05,정박지 05,20250124070154,20250123150100
150040,2025,009,006,오성호,OSUNG,20250122220100,20250124030100,9,출항,WAM,05,정박지 05,20250124070154,20250124030100
150040,2025,010,001,오성호,OSUNG,20250126080100,20250126160100,3,입항,WAM,01,정박지 01,20250126190110,20250126080100
150040,2025,010,002,오성호,OSUNG,20250126080100,20250126160100,8,양묘,WAM,01,정박지 01,20250126190110,20250126080100
150040,2025,010,003,오성호,OSUNG,20250126080100,20250126160100,4,접안,MBU,11,SK1부두 11,20250126190110,20250126090100
150040,2025,010,004,오성호,OSUNG,20250126080100,20250126160100,5,이안,MBU,11,SK1부두 11,20250126190110,20250126150100
150040,2025,010,005,오성호,OSUNG,20250126080100,20250126160100,7,투묘,WAM,01,정박지 01,20250126190110,20250126160100
150040,2025,010,006,오성호,OSUNG,20250126080100,20250126160100,9,출항,WAM,01,정박지 01,20250126190110,20250126160100
150040,2025,011,001,오성호,OSUNG,20250130080100,20250130120100,3,입항,MDU,05,SK5부두,20250130140143,20250130080100
150040,2025,011,002,오성호,OSUNG,20250130080100,20250130120100,9,출항,MDU,05,SK5부두,20250130140143,20250130120100
150040,2025,012,001,오성호,OSUNG,20250201150200,20250203170200,3,입항,WAM,03,정박지 03,20250203190248,20250201150200
150040,2025,012,002,오성호,OSUNG,20250201150200,20250203170200,8,양묘,WAM,03,정박지 03,20250203190248,20250203110200
150040,2025,012,003,오성호,OSUNG,20250201150200,20250203170200,4,접안,MDU,05,SK5부두,20250203190248,20250203110200
150040,2025,012,004,오성호,OSUNG,20250201150200,20250203170200,9,출항,MDU,05,SK5부두,20250203190248,20250203170200
150040,2025,013,001,오성호,OSUNG,20250205040200,20250207080200,3,입항,WAM,01,정박지 01,20250207100209,20250205040200
150040,2025,013,002,오성호,OSUNG,20250205040200,20250207080200,8,양묘,WAM,01,정박지 01,20250207100209,20250206010200
150040,2025,013,003,오성호,OSUNG,20250205040200,20250207080200,4,접안,MBU,01,SK2부두 01,20250207100209,20250206020200
150040,2025,013,004,오성호,OSUNG,20250205040200,20250207080200,5,이안,MBU,01,SK2부두 01,20250207100209,20250206090200
150040,2025,013,005,오성호,OSUNG,20250205040200,20250207080200,6,이선,MLJ,01,장생포호안,20250207100209,20250206090200
150040,2025,013,006,오성호,OSUNG,20250205040200,20250207080200,9,출항,MLJ,01,장생포호안,20250207100209,20250207080200
150040,2025,014,001,오성호,OSUNG,20250208160200,20250209020200,3,입항,WAM,03,정박지 03,20250209070201,20250208160200
150040,2025,014,002,오성호,OSUNG,20250208160200,20250209020200,8,양묘,WAM,03,정박지 03,20250209070201,20250208190200
150040,2025,014,003,오성호,OSUNG,20250208160200,20250209020200,4,접안,MBU,01,SK2부두 01,20250209070202,20250208190200
150040,2025,014,004,오성호,OSUNG,20250208160200,20250209020200,9,출항,MBU,01,SK2부두 01,20250209070202,20250209020200
150040,2025,015,001,오성호,OSUNG,20250210090200,20250212090200,3,입항,WAM,04,정박지 04,20250212120248,20250210090200
150040,2025,015,002,오성호,OSUNG,20250210090200,20250212090200,8,양묘,WAM,04,정박지 04,20250212120248,20250212000200
150040,2025,015,003,오성호,OSUNG,20250210090200,20250212090200,4,접안,MBU,11,SK1부두 11,20250212120248,20250212000200
150040,2025,015,004,오성호,OSUNG,20250210090200,20250212090200,5,이안,MBU,11,SK1부두 11,20250212120248,20250212080200
150040,2025,015,005,오성호,OSUNG,20250210090200,20250212090200,7,투묘,WAM,01,정박지 01,20250212120248,20250212090200
150040,2025,015,006,오성호,OSUNG,20250210090200,20250212090200,9,출항,WAM,01,정박지 01,20250212120248,20250212090200
150040,2025,016,001,오성호,OSUNG,20250216140200,20250217010200,3,입항,WAM,04,정박지 04,20250217060241,20250216140200
150040,2025,016,002,오성호,OSUNG,20250216140200,20250217010200,8,양묘,WAM,04,정박지 04,20250217060241,20250216200200
150040,2025,016,003,오성호,OSUNG,20250216140200,20250217010200,4,접안,MDU,05,SK5부두,20250217060241,20250216200200
150040,2025,016,004,오성호,OSUNG,20250216140200,20250217010200,9,출항,MDU,05,SK5부두,20250217060241,20250217010200
150040,2025,017,001,오성호,OSUNG,20250218070200,20250218200200,3,입항,WAM,01,정박지 01,20250218230207,20250218070200
150040,2025,017,002,오성호,OSUNG,20250218070200,20250218200200,8,양묘,WAM,01,정박지 01,20250218230207,20250218130200
150040,2025,017,003,오성호,OSUNG,20250218070200,20250218200200,4,접안,MBU,11,SK1부두 11,20250218230207,20250218140200
150040,2025,017,004,오성호,OSUNG,20250218070200,20250218200200,9,출항,MBU,11,SK1부두 11,20250218230207,20250218200200
150040,2025,018,001,오성호,OSUNG,20250220170200,20250222210200,3,입항,WAM,04,정박지 04,20250222230257,20250220170200
150040,2025,018,002,오성호,OSUNG,20250220170200,20250222210200,8,양묘,WAM,04,정박지 04,20250222230257,20250220200200
150040,2025,018,003,오성호,OSUNG,20250220170200,20250222210200,4,접안,MDU,05,SK5부두,20250222230257,20250220210200
150040,2025,018,004,오성호,OSUNG,20250220170200,20250222210200,5,이안,MDU,05,SK5부두,20250222230257,20250221010200
150040,2025,018,005,오성호,OSUNG,20250220170200,20250222210200,6,이선,MLJ,01,장생포호안,20250222230257,20250221010200
150040,2025,018,006,오성호,OSUNG,20250220170200,20250222210200,5,이안,MLJ,01,장생포호안,20250222230257,20250222060200
150040,2025,018,007,오성호,OSUNG,20250220170200,20250222210200,6,이선,MQP,03,현중해양의장안벽,20250222230257,20250222080200
150040,2025,018,008,오성호,OSUNG,20250220170200,20250222210200,5,이안,MQP,03,현중해양의장안벽,20250222230257,20250222140200
150040,2025,018,009,오성호,OSUNG,20250220170200,20250222210200,6,이선,MBU,01,SK2부두 01,20250222230257,20250222160200
150040,2025,018,010,오성호,OSUNG,20250220170200,20250222210200,9,출항,MBU,01,SK2부두 01,20250222230257,20250222210200
150040,2025,019,001,오성호,OSUNG,20250224010200,20250224150200,3,입항,WAM,04,정박지 04,20250224170200,20250224010200
150040,2025,019,002,오성호,OSUNG,20250224010200,20250224150200,8,양묘,WAM,04,정박지 04,20250224170200,20250224070200
150040,2025,019,003,오성호,OSUNG,20250224010200,20250224150200,4,접안,MBU,01,SK2부두 01,20250224170200,20250224080200
150040,2025,019,004,오성호,OSUNG,20250224010200,20250224150200,9,출항,MBU,01,SK2부두 01,20250224170200,20250224150200
150040,2025,020,001,오성호,OSUNG,20250228110200,20250228150200,3,입항,WAM,05,정박지 05,20250228160234,20250228110200
150040,2025,020,002,오성호,OSUNG,20250228110200,20250228150200,9,출항,WAM,05,정박지 05,20250228160234,20250228150200
150040,2025,021,001,오성호,OSUNG,20250305120300,20250305170300,3,입항,MBU,01,SK2부두 01,20250305180352,20250305120300
150040,2025,021,002,오성호,OSUNG,20250305120300,20250305170300,9,출항,MBU,01,SK2부두 01,20250305180352,20250305170300
150040,2025,022,001,오성호,OSUNG,20250307100300,20250308040300,3,입항,WAM,04,정박지 04,20250308060309,20250307100300
150040,2025,022,002,오성호,OSUNG,20250307100300,20250308040300,8,양묘,WAM,04,정박지 04,20250308060309,20250307130300
150040,2025,022,003,오성호,OSUNG,20250307100300,20250308040300,4,접안,MDU,05,SK5부두,20250308060309,20250307140300
150040,2025,022,004,오성호,OSUNG,20250307100300,20250308040300,5,이안,MDU,05,SK5부두,20250308060309,20250307190300
150040,2025,022,005,오성호,OSUNG,20250307100300,20250308040300,7,투묘,WAM,07,정박지 07,20250308060309,20250307200300
150040,2025,022,006,오성호,OSUNG,20250307100300,20250308040300,9,출항,WAM,07,정박지 07,20250308060309,20250308040300
150040,2025,023,001,오성호,OSUNG,20250308160300,20250309050300,3,입항,MBU,11,SK1부두 11,20250309080341,20250308160300
150040,2025,023,002,오성호,OSUNG,20250308160300,20250309050300,5,이안,MBU,11,SK1부두 11,20250309080341,20250308230300
150040,2025,023,003,오성호,OSUNG,20250308160300,20250309050300,7,투묘,WAM,02,정박지 02,20250309080341,20250308230300
150040,2025,023,004,오성호,OSUNG,20250308160300,20250309050300,9,출항,WAM,02,정박지 02,20250309080341,20250309050300
150040,2025,024,001,오성호,OSUNG,20250310030300,20250311040300,3,입항,WAM,04,정박지 04,20250311070345,20250310030300
150040,2025,024,002,오성호,OSUNG,20250310030300,20250311040300,8,양묘,WAM,04,정박지 04,20250311070345,20250310100300
150040,2025,024,003,오성호,OSUNG,20250310030300,20250311040300,4,접안,MBU,11,SK1부두 11,20250311070345,20250310110300
150040,2025,024,004,오성호,OSUNG,20250310030300,20250311040300,5,이안,MBU,11,SK1부두 11,20250311070345,20250310180300
150040,2025,024,005,오성호,OSUNG,20250310030300,20250311040300,7,투묘,WAM,02,정박지 02,20250311070345,20250310180300
150040,2025,024,006,오성호,OSUNG,20250310030300,20250311040300,9,출항,WAM,02,정박지 02,20250311070345,20250311040300
150040,2025,025,001,오성호,OSUNG,20250312110300,20250312180300,3,입항,MBU,11,SK1부두 11,20250312210316,20250312110300
150040,2025,025,002,오성호,OSUNG,20250312110300,20250312180300,9,출항,MBU,11,SK1부두 11,20250312210316,20250312180300
150040,2025,026,001,오성호,OSUNG,20250314190300,20250315160300,3,입항,WAM,01,정박지 01,20250315170329,20250314190300
150040,2025,026,002,오성호,OSUNG,20250314190300,20250315160300,8,양묘,WAM,01,정박지 01,20250315170329,20250314210300
150040,2025,026,003,오성호,OSUNG,20250314190300,20250315160300,4,접안,MBU,01,SK2부두 01,20250315170329,20250314210300
150040,2025,026,004,오성호,OSUNG,20250314190300,20250315160300,5,이안,MBU,01,SK2부두 01,20250315170329,20250315050300
150040,2025,026,005,오성호,OSUNG,20250314190300,20250315160300,7,투묘,WAM,02,정박지 02,20250315170329,20250315050300
150040,2025,026,006,오성호,OSUNG,20250314190300,20250315160300,9,출항,WAM,02,정박지 02,20250315170329,20250315160300
150040,2025,027,001,오성호,OSUNG,20250317160300,20250317200300,3,입항,MDU,05,SK5부두,20250317220316,20250317160300
150040,2025,027,002,오성호,OSUNG,20250317160300,20250317200300,9,출항,MDU,05,SK5부두,20250317220316,20250317200300
150040,2025,028,001,오성호,OSUNG,20250320090300,20250320190300,3,입항,WAM,01,정박지 01,20250320210348,20250320090300
150040,2025,028,002,오성호,OSUNG,20250320090300,20250320190300,8,양묘,WAM,01,정박지 01,20250320210348,20250320150300
150040,2025,028,003,오성호,OSUNG,20250320090300,20250320190300,4,접안,MDU,05,SK5부두,20250320210348,20250320160300
150040,2025,028,004,오성호,OSUNG,20250320090300,20250320190300,9,출항,MDU,05,SK5부두,20250320210348,20250320190300
150040,2025,029,001,오성호,OSUNG,20250326070300,20250326120300,3,입항,MDU,05,SK5부두,20250326140339,20250326070300
150040,2025,029,002,오성호,OSUNG,20250326070300,20250326120300,9,출항,MDU,05,SK5부두,20250326140339,20250326120300
150040,2025,030,001,오성호,OSUNG,20250329100300,20250329170300,3,입항,MBU,01,SK2부두 01,20250329190311,20250329100300
150040,2025,030,002,오성호,OSUNG,20250329100300,20250329170300,9,출항,MBU,01,SK2부두 01,20250329190311,20250329170300
150040,2025,031,001,오성호,OSUNG,20250404210400,20250405150400,3,입항,WAM,03,정박지 03,20250405160459,20250404210400
150040,2025,031,002,오성호,OSUNG,20250404210400,20250405150400,8,양묘,WAM,03,정박지 03,20250405160459,20250405080400
150040,2025,031,003,오성호,OSUNG,20250404210400,20250405150400,4,접안,MBU,01,SK2부두 01,20250405160459,20250405080400
150040,2025,031,004,오성호,OSUNG,20250404210400,20250405150400,9,출항,MBU,01,SK2부두 01,20250405160459,20250405150400
150040,2025,032,001,오성호,OSUNG,20250409140400,20250409200400,3,입항,WAM,01,정박지 01,20250409210402,20250409140400
150040,2025,032,002,오성호,OSUNG,20250409140400,20250409200400,8,양묘,WAM,01,정박지 01,20250409210402,20250409150400
150040,2025,032,003,오성호,OSUNG,20250409140400,20250409200400,4,접안,MDU,05,SK5부두,20250409210402,20250409160400
150040,2025,032,004,오성호,OSUNG,20250409140400,20250409200400,9,출항,MDU,05,SK5부두,20250409210402,20250409200400
150040,2025,033,001,오성호,OSUNG,20250411220400,20250412050400,3,입항,MBU,01,SK2부두 01,20250412060442,20250411220400
150040,2025,033,002,오성호,OSUNG,20250411220400,20250412050400,9,출항,MBU,01,SK2부두 01,20250412060442,20250412050400
150040,2025,034,001,오성호,OSUNG,20250416030400,20250416120400,3,입항,WAM,04,정박지 04,20250416150432,20250416030400
150040,2025,034,002,오성호,OSUNG,20250416030400,20250416120400,8,양묘,WAM,04,정박지 04,20250416150432,20250416060400
150040,2025,034,003,오성호,OSUNG,20250416030400,20250416120400,4,접안,MDU,05,SK5부두,20250416150432,20250416070400
150040,2025,034,004,오성호,OSUNG,20250416030400,20250416120400,9,출항,MDU,05,SK5부두,20250416150432,20250416120400
150040,2025,035,001,오성호,OSUNG,20250420180400,20250421140400,3,입항,WAM,01,정박지 01,20250421150415,20250420180400
150040,2025,035,002,오성호,OSUNG,20250420180400,20250421140400,8,양묘,WAM,01,정박지 01,20250421150415,20250420180400
150040,2025,035,003,오성호,OSUNG,20250420180400,20250421140400,4,접안,MLJ,01,장생포호안,20250421150415,20250420190400
150040,2025,035,004,오성호,OSUNG,20250420180400,20250421140400,5,이안,MLJ,01,장생포호안,20250421150415,20250421080400
150040,2025,035,005,오성호,OSUNG,20250420180400,20250421140400,6,이선,MBU,01,SK2부두 01,20250421150416,20250421080400
150040,2025,035,006,오성호,OSUNG,20250420180400,20250421140400,9,출항,MBU,01,SK2부두 01,20250421150416,20250421140400
150040,2025,036,001,오성호,OSUNG,20250424160400,20250425060400,3,입항,MLJ,01,장생포호안,20250425060430,20250424160400
150040,2025,036,002,오성호,OSUNG,20250424160400,20250425060400,5,이안,MLJ,01,장생포호안,20250425060430,20250424220400
150040,2025,036,003,오성호,OSUNG,20250424160400,20250425060400,6,이선,MBU,11,SK1부두 11,20250425060430,20250424220400
150040,2025,036,004,오성호,OSUNG,20250424160400,20250425060400,9,출항,MBU,11,SK1부두 11,20250425060430,20250425060400
150040,2025,037,001,오성호,OSUNG,20250427130400,20250430030400,3,입항,MBU,01,SK2부두 01,20250430070427,20250427130400
150040,2025,037,002,오성호,OSUNG,20250427130400,20250430030400,5,이안,MBU,01,SK2부두 01,20250430070427,20250427200400
150040,2025,037,003,오성호,OSUNG,20250427130400,20250430030400,7,투묘,WAM,06,정박지 06,20250430070427,20250427200400
150040,2025,037,004,오성호,OSUNG,20250427130400,20250430030400,8,양묘,WAM,06,정박지 06,20250430070427,20250428100400
150040,2025,037,005,오성호,OSUNG,20250427130400,20250430030400,4,접안,MBJ,03,자동차부두 03,20250430070427,20250428110400
150040,2025,037,006,오성호,OSUNG,20250427130400,20250430030400,5,이안,MBJ,03,자동차부두 03,20250430070427,20250428160400
150040,2025,037,007,오성호,OSUNG,20250427130400,20250430030400,7,투묘,WAM,03,정박지 03,20250430070427,20250428160400
150040,2025,037,008,오성호,OSUNG,20250427130400,20250430030400,8,양묘,WAM,03,정박지 03,20250430070427,20250429210400
150040,2025,037,009,오성호,OSUNG,20250427130400,20250430030400,4,접안,MBU,01,SK2부두 01,20250430070427,20250429220400
150040,2025,037,010,오성호,OSUNG,20250427130400,20250430030400,9,출항,MBU,01,SK2부두 01,20250430070427,20250430030400
150040,2025,038,001,오성호,OSUNG,20250504080500,20250504130500,3,입항,MDU,05,SK5부두,20250504170518,20250504080500
150040,2025,038,002,오성호,OSUNG,20250504080500,20250504130500,9,출항,MDU,05,SK5부두,20250504170518,20250504130500
150040,2025,039,001,오성호,OSUNG,20250509080500,20250510010500,3,입항,WAM,05,정박지 05,20250510070555,20250509080500
150040,2025,039,002,오성호,OSUNG,20250509080500,20250510010500,8,양묘,WAM,05,정박지 05,20250510070555,20250509170500
150040,2025,039,003,오성호,OSUNG,20250509080500,20250510010500,4,접안,MBU,11,SK1부두 11,20250510070555,20250509180500
150040,2025,039,004,오성호,OSUNG,20250509080500,20250510010500,9,출항,MBU,11,SK1부두 11,20250510070555,20250510010500
150040,2025,040,001,오성호,OSUNG,20250511230500,20250513030500,3,입항,WAM,02,정박지 02,20250513050526,20250511230500
150040,2025,040,002,오성호,OSUNG,20250511230500,20250513030500,8,양묘,WAM,02,정박지 02,20250513050526,20250512200500
150040,2025,040,003,오성호,OSUNG,20250511230500,20250513030500,4,접안,MBU,11,SK1부두 11,20250513050526,20250512210500
150040,2025,040,004,오성호,OSUNG,20250511230500,20250513030500,9,출항,MBU,11,SK1부두 11,20250513050526,20250513030500
150040,2025,041,001,오성호,OSUNG,20250516120500,20250518200500,3,입항,MBU,11,SK1부두 11,20250519000536,20250516120500
150040,2025,041,002,오성호,OSUNG,20250516120500,20250518200500,5,이안,MBU,11,SK1부두 11,20250519000536,20250516160500
150040,2025,041,003,오성호,OSUNG,20250516120500,20250518200500,6,이선,MLJ,01,장생포호안,20250519000536,20250516160500
150040,2025,041,004,오성호,OSUNG,20250516120500,20250518200500,5,이안,MLJ,01,장생포호안,20250519000536,20250517160500
150040,2025,041,005,오성호,OSUNG,20250516120500,20250518200500,6,이선,MBJ,03,자동차부두 03,20250519000536,20250517170500
150040,2025,041,006,오성호,OSUNG,20250516120500,20250518200500,5,이안,MBJ,03,자동차부두 03,20250519000536,20250517220500
150040,2025,041,007,오성호,OSUNG,20250516120500,20250518200500,6,이선,MLJ,01,장생포호안,20250519000536,20250517230500
150040,2025,041,008,오성호,OSUNG,20250516120500,20250518200500,5,이안,MLJ,01,장생포호안,20250519000536,20250518130500
150040,2025,041,009,오성호,OSUNG,20250516120500,20250518200500,6,이선,MBU,01,SK2부두 01,20250519000536,20250518130500
150040,2025,041,010,오성호,OSUNG,20250516120500,20250518200500,5,이안,MBU,01,SK2부두 01,20250519000536,20250518140500
150040,2025,041,011,오성호,OSUNG,20250516120500,20250518200500,6,이선,MBU,11,SK1부두 11,20250519000536,20250518150500
150040,2025,041,012,오성호,OSUNG,20250516120500,20250518200500,9,출항,MBU,11,SK1부두 11,20250519000536,20250518200500
150040,2025,042,001,오성호,OSUNG,20250520190500,20250521160500,3,입항,MLJ,01,장생포호안,20250521180539,20250520190500
150040,2025,042,002,오성호,OSUNG,20250520190500,20250521160500,5,이안,MLJ,01,장생포호안,20250521180539,20250521090500
150040,2025,042,003,오성호,OSUNG,20250520190500,20250521160500,6,이선,MBU,11,SK1부두 11,20250521180539,20250521090500
150040,2025,042,004,오성호,OSUNG,20250520190500,20250521160500,9,출항,MBU,11,SK1부두 11,20250521180539,20250521160500
150040,2025,043,001,오성호,OSUNG,20250525090500,20250526010500,3,입항,WAM,01,정박지 01,20250526050511,20250525090500
150040,2025,043,002,오성호,OSUNG,20250525090500,20250526010500,8,양묘,WAM,01,정박지 01,20250526050511,20250525170500
150040,2025,043,003,오성호,OSUNG,20250525090500,20250526010500,4,접안,MBU,11,SK1부두 11,20250526050511,20250525180500
150040,2025,043,004,오성호,OSUNG,20250525090500,20250526010500,9,출항,MBU,11,SK1부두 11,20250526050511,20250526010500
150040,2025,044,001,오성호,OSUNG,20250528070500,20250528200500,3,입항,WAM,07,정박지 07,20250528230526,20250528070500
150040,2025,044,002,오성호,OSUNG,20250528070500,20250528200500,8,양묘,WAM,07,정박지 07,20250528230526,20250528120500
150040,2025,044,003,오성호,OSUNG,20250528070500,20250528200500,4,접안,MBU,01,SK2부두 01,20250528230526,20250528130500
150040,2025,044,004,오성호,OSUNG,20250528070500,20250528200500,9,출항,MBU,01,SK2부두 01,20250528230526,20250528200500
150040,2025,045,001,오성호,OSUNG,20250531020500,20250531230500,3,입항,MLJ,01,장생포호안,20250531230546,20250531020500
150040,2025,045,002,오성호,OSUNG,20250531020500,20250531230500,5,이안,MLJ,01,장생포호안,20250531230546,20250531160500
150040,2025,045,003,오성호,OSUNG,20250531020500,20250531230500,6,이선,MBU,01,SK2부두 01,20250531230547,20250531160500
150040,2025,093,002,오성호,OSUNG,20251101051100,20251102141100,5,이안,MLJ,01,장생포호안,20251102171151,20251102071100
150040,2025,093,003,오성호,OSUNG,20251101051100,20251102141100,6,이선,MBU,01,SK2부두 01,20251102171151,20251102081100
150040,2025,093,004,오성호,OSUNG,20251101051100,20251102141100,9,출항,MBU,01,SK2부두 01,20251102171151,20251102141100
150040,2025,094,001,오성호,OSUNG,20251105081100,20251106191100,3,입항,WAM,01,정박지 01,20251106221132,20251105081100
150040,2025,094,002,오성호,OSUNG,20251105081100,20251106191100,8,양묘,WAM,01,정박지 01,20251106221132,20251106071100
150040,2025,094,003,오성호,OSUNG,20251105081100,20251106191100,4,접안,MDU,05,SK5부두,20251106221132,20251106081100
150040,2025,094,004,오성호,OSUNG,20251105081100,20251106191100,5,이안,MDU,05,SK5부두,20251106221132,20251106091100
150040,2025,094,005,오성호,OSUNG,20251105081100,20251106191100,6,이선,MLJ,01,장생포호안,20251106221132,20251106101100
150040,2025,094,006,오성호,OSUNG,20251105081100,20251106191100,5,이안,MLJ,01,장생포호안,20251106221132,20251106121100
150040,2025,094,007,오성호,OSUNG,20251105081100,20251106191100,6,이선,MDU,05,SK5부두,20251106221132,20251106131100
150040,2025,094,008,오성호,OSUNG,20251105081100,20251106191100,9,출항,MDU,05,SK5부두,20251106221132,20251106191100
150040,2025,095,001,오성호,OSUNG,20251115091100,20251117131100,3,입항,WAM,01,정박지 01,20251117141131,20251115091100
150040,2025,095,002,오성호,OSUNG,20251115091100,20251117131100,8,양묘,WAM,01,정박지 01,20251117141131,20251115161100
150040,2025,095,003,오성호,OSUNG,20251115091100,20251117131100,4,접안,MBU,01,SK2부두 01,20251117141131,20251115171100
150040,2025,095,004,오성호,OSUNG,20251115091100,20251117131100,5,이안,MBU,01,SK2부두 01,20251117141131,20251115221100
150040,2025,095,005,오성호,OSUNG,20251115091100,20251117131100,7,투묘,WAM,01,정박지 01,20251117141131,20251115231100
150040,2025,095,006,오성호,OSUNG,20251115091100,20251117131100,8,양묘,WAM,01,정박지 01,20251117141131,20251116231100
150040,2025,095,007,오성호,OSUNG,20251115091100,20251117131100,4,접안,MBJ,02,자동차부두 02,20251117141131,20251117001100
150040,2025,095,008,오성호,OSUNG,20251115091100,20251117131100,5,이안,MBJ,02,자동차부두 02,20251117141131,20251117041100
150040,2025,095,009,오성호,OSUNG,20251115091100,20251117131100,7,투묘,WAM,01,정박지 01,20251117141131,20251117051100
150040,2025,095,010,오성호,OSUNG,20251115091100,20251117131100,8,양묘,WAM,01,정박지 01,20251117141131,20251117061100
150040,2025,095,011,오성호,OSUNG,20251115091100,20251117131100,4,접안,MBU,01,SK2부두 01,20251117141131,20251117061100
150040,2025,095,012,오성호,OSUNG,20251115091100,20251117131100,9,출항,MBU,01,SK2부두 01,20251117141131,20251117131100
150040,2025,096,001,오성호,OSUNG,20251118211100,20251119051100,3,입항,MLJ,01,장생포호안,20251119061101,20251118211100
150040,2025,096,002,오성호,OSUNG,20251118211100,20251119051100,5,이안,MLJ,01,장생포호안,20251119061101,20251118231100
150040,2025,096,003,오성호,OSUNG,20251118211100,20251119051100,6,이선,MBU,11,SK1부두 11,20251119061101,20251118231100
150040,2025,096,004,오성호,OSUNG,20251118211100,20251119051100,9,출항,MBU,11,SK1부두 11,20251119061102,20251119051100
150040,2025,097,001,오성호,OSUNG,20251121091100,20251121161100,3,입항,MBU,01,SK2부두 01,20251121181113,20251121091100
150040,2025,097,002,오성호,OSUNG,20251121091100,20251121161100,9,출항,MBU,01,SK2부두 01,20251121181113,20251121161100
150040,2025,098,001,오성호,OSUNG,20251123161100,20251124021100,3,입항,WAM,01,정박지 01,20251124071158,20251123161100
150040,2025,098,002,오성호,OSUNG,20251123161100,20251124021100,8,양묘,WAM,01,정박지 01,20251124071158,20251123191100
150040,2025,098,003,오성호,OSUNG,20251123161100,20251124021100,4,접안,MDU,05,SK5부두,20251124071158,20251123201100
150040,2025,098,004,오성호,OSUNG,20251123161100,20251124021100,5,이안,MDU,05,SK5부두,20251124071158,20251123211100
150040,2025,098,005,오성호,OSUNG,20251123161100,20251124021100,7,투묘,WAM,04,정박지 04,20251124071158,20251123211100
150040,2025,098,006,오성호,OSUNG,20251123161100,20251124021100,8,양묘,WAM,04,정박지 04,20251124071158,20251123211100
150040,2025,098,007,오성호,OSUNG,20251123161100,20251124021100,4,접안,MDU,05,SK5부두,20251124071158,20251123221100
150040,2025,098,008,오성호,OSUNG,20251123161100,20251124021100,9,출항,MDU,05,SK5부두,20251124071158,20251124021100
150040,2025,099,001,오성호,OSUNG,20251125211100,20251126081100,3,입항,MLJ,01,장생포호안,20251126111134,20251125211100
150040,2025,099,002,오성호,OSUNG,20251125211100,20251126081100,5,이안,MLJ,01,장생포호안,20251126111134,20251126001100
150040,2025,099,003,오성호,OSUNG,20251125211100,20251126081100,6,이선,MBU,01,SK2부두 01,20251126111134,20251126011100
150040,2025,099,004,오성호,OSUNG,20251125211100,20251126081100,9,출항,MBU,01,SK2부두 01,20251126111134,20251126081100
150040,2025,100,001,오성호,OSUNG,20251128051100,20251128121100,3,입항,MLJ,01,장생포호안,20251128161131,20251128051100
150040,2025,100,002,오성호,OSUNG,20251128051100,20251128121100,5,이안,MLJ,01,장생포호안,20251128161131,20251128071100
150040,2025,100,003,오성호,OSUNG,20251128051100,20251128121100,6,이선,MDU,05,SK5부두,20251128161131,20251128081100
150040,2025,100,004,오성호,OSUNG,20251128051100,20251128121100,9,출항,MDU,05,SK5부두,20251128161131,20251128121100
150040,2025,101,001,오성호,OSUNG,20251130021100,20251130091100,3,입항,MLJ,01,장생포호안,20251130101149,20251130021100
150040,2025,101,002,오성호,OSUNG,20251130021100,20251130091100,5,이안,MLJ,01,장생포호안,20251130101149,20251130031100
150040,2025,101,003,오성호,OSUNG,20251130021100,20251130091100,6,이선,MBU,01,SK2부두 01,20251130101149,20251130031100
150040,2025,101,004,오성호,OSUNG,20251130021100,20251130091100,9,출항,MBU,01,SK2부두 01,20251130101149,20251130091100
150040,2025,102,001,오성호,OSUNG,20251203101200,20251204021200,3,입항,MLJ,01,장생포호안,20251204061246,20251203101200
150040,2025,102,002,오성호,OSUNG,20251203101200,20251204021200,5,이안,MLJ,01,장생포호안,20251204061246,20251203201200
150040,2025,102,003,오성호,OSUNG,20251203101200,20251204021200,6,이선,MBU,11,SK1부두 11,20251204061247,20251203201200
150040,2025,102,004,오성호,OSUNG,20251203101200,20251204021200,9,출항,MBU,11,SK1부두 11,20251204061247,20251204021200
150040,2025,103,001,오성호,OSUNG,20251205201200,20251206031200,3,입항,MBU,01,SK2부두 01,20251206071229,20251205201200
150040,2025,103,002,오성호,OSUNG,20251205201200,20251206031200,9,출항,MBU,01,SK2부두 01,20251206071229,20251206031200
150040,2025,104,001,오성호,OSUNG,20251208061200,20251208211200,3,입항,MLJ,01,장생포호안,20251208231224,20251208061200
150040,2025,104,002,오성호,OSUNG,20251208061200,20251208211200,5,이안,MLJ,01,장생포호안,20251208231224,20251208141200
150040,2025,104,003,오성호,OSUNG,20251208061200,20251208211200,6,이선,MBU,11,SK1부두 11,20251208231224,20251208141200
150040,2025,104,004,오성호,OSUNG,20251208061200,20251208211200,9,출항,MBU,11,SK1부두 11,20251208231224,20251208211200
150040,2025,105,001,오성호,OSUNG,20251209221200,20251210231200,3,입항,MLJ,01,장생포호안,20251211001230,20251209221200
150040,2025,105,002,오성호,OSUNG,20251209221200,20251210231200,5,이안,MLJ,01,장생포호안,20251211001230,20251210161200
150040,2025,105,003,오성호,OSUNG,20251209221200,20251210231200,6,이선,MBU,11,SK1부두 11,20251211001230,20251210161200
150040,2025,105,004,오성호,OSUNG,20251209221200,20251210231200,9,출항,MBU,11,SK1부두 11,20251211001230,20251210231200
150040,2025,106,001,오성호,OSUNG,20251211191200,20251212011200,3,입항,MLJ,01,장생포호안,20251212061204,20251211191200
150040,2025,106,002,오성호,OSUNG,20251211191200,20251212011200,5,이안,MLJ,01,장생포호안,20251212061204,20251211201200
150040,2025,106,003,오성호,OSUNG,20251211191200,20251212011200,6,이선,MDU,05,SK5부두,20251212061204,20251211201200
150040,2025,106,004,오성호,OSUNG,20251211191200,20251212011200,9,출항,MDU,05,SK5부두,20251212061204,20251212011200
150040,2025,107,001,오성호,OSUNG,20251213141200,20251213201200,3,입항,MDU,05,SK5부두,20251214001211,20251213141200
150040,2025,107,002,오성호,OSUNG,20251213141200,20251213201200,5,이안,MDU,05,SK5부두,20251214001211,20251213201200
150040,2025,107,003,오성호,OSUNG,20251213141200,20251213201200,7,투묘,WAM,06,정박지 06,20251214001211,20251213201200
150040,2025,107,004,오성호,OSUNG,20251213141200,20251213201200,9,출항,WAM,06,정박지 06,20251214001211,20251213201200
150040,2025,108,001,오성호,OSUNG,20251215231200,20251216101200,3,입항,MLJ,01,장생포호안,20251216131239,20251215231200
150040,2025,108,002,오성호,OSUNG,20251215231200,20251216101200,5,이안,MLJ,01,장생포호안,20251216131239,20251216041200
150040,2025,108,003,오성호,OSUNG,20251215231200,20251216101200,6,이선,MBU,01,SK2부두 01,20251216131239,20251216041200
150040,2025,108,004,오성호,OSUNG,20251215231200,20251216101200,9,출항,MBU,01,SK2부두 01,20251216131239,20251216101200
150040,2025,109,001,오성호,OSUNG,20251219101200,20251219211200,3,입항,WAM,01,정박지 01,20251219231245,20251219101200
150040,2025,109,002,오성호,OSUNG,20251219101200,20251219211200,8,양묘,WAM,01,정박지 01,20251219231245,20251219151200
150040,2025,109,003,오성호,OSUNG,20251219101200,20251219211200,4,접안,MDU,05,SK5부두,20251219231245,20251219161200
150040,2025,109,004,오성호,OSUNG,20251219101200,20251219211200,9,출항,MDU,05,SK5부두,20251219231245,20251219211200
150040,2025,110,001,오성호,OSUNG,20251221151200,20251222021200,3,입항,MLJ,01,장생포호안,20251222071232,20251221151200
150040,2025,110,002,오성호,OSUNG,20251221151200,20251222021200,5,이안,MLJ,01,장생포호안,20251222071232,20251221211200
150040,2025,110,003,오성호,OSUNG,20251221151200,20251222021200,6,이선,MBU,11,SK1부두 11,20251222071232,20251221211200
150040,2025,110,004,오성호,OSUNG,20251221151200,20251222021200,9,출항,MBU,11,SK1부두 11,20251222071232,20251222021200
150040,2025,111,001,오성호,OSUNG,20251223191200,20251224031200,3,입항,MBU,11,SK1부두 11,20251224051238,20251223191200
150040,2025,111,002,오성호,OSUNG,20251223191200,20251224031200,9,출항,MBU,11,SK1부두 11,20251224051238,20251224031200
150040,2025,112,001,오성호,OSUNG,20251224221200,20251225081200,3,입항,MLJ,01,장생포호안,20251225111211,20251224221200
150040,2025,112,002,오성호,OSUNG,20251224221200,20251225081200,5,이안,MLJ,01,장생포호안,20251225111211,20251224231200
150040,2025,112,003,오성호,OSUNG,20251224221200,20251225081200,6,이선,MBU,01,SK2부두 01,20251225111211,20251224231200
150040,2025,112,004,오성호,OSUNG,20251224221200,20251225081200,9,출항,MBU,01,SK2부두 01,20251225111211,20251225081200
150040,2025,113,001,오성호,OSUNG,20251227131200,20251228151200,3,입항,MLJ,01,장생포호안,20251228171232,20251227131200
150040,2025,113,002,오성호,OSUNG,20251227131200,20251228151200,5,이안,MLJ,01,장생포호안,20251228171232,20251227231200
150040,2025,113,003,오성호,OSUNG,20251227131200,20251228151200,6,이선,MBU,11,SK1부두 11,20251228171232,20251227231200
150040,2025,113,004,오성호,OSUNG,20251227131200,20251228151200,5,이안,MBU,11,SK1부두 11,20251228171232,20251228081200
150040,2025,113,005,오성호,OSUNG,20251227131200,20251228151200,6,이선,MLJ,01,장생포호안,20251228171232,20251228081200
150040,2025,113,006,오성호,OSUNG,20251227131200,20251228151200,9,출항,MLJ,01,장생포호안,20251228171232,20251228151200
150040,2025,114,001,오성호,OSUNG,20251229111200,20251230031200,3,입항,MLJ,01,장생포호안,20251230071254,20251229111200
150040,2025,114,002,오성호,OSUNG,20251229111200,20251230031200,5,이안,MLJ,01,장생포호안,20251230071254,20251229121200
150040,2025,114,003,오성호,OSUNG,20251229111200,20251230031200,6,이선,MBU,11,SK1부두 11,20251230071254,20251229121200
150040,2025,114,004,오성호,OSUNG,20251229111200,20251230031200,5,이안,MBU,11,SK1부두 11,20251230071254,20251229181200
150040,2025,114,005,오성호,OSUNG,20251229111200,20251230031200,6,이선,MLJ,01,장생포호안,20251230071254,20251229191200
150040,2025,114,006,오성호,OSUNG,20251229111200,20251230031200,9,출항,MLJ,01,장생포호안,20251230071254,20251230031200
150040,2025,115,001,오성호,OSUNG,20251231123000,None,3,입항,MLJ,01,장생포호안,20260101064120,20251231123000
150040,2025,115,002,오성호,OSUNG,20251231123000,None,5,이안,MLJ,01,장생포호안,20260101064120,20260101040000
150040,2025,115,003,오성호,OSUNG,20251231123000,None,6,이선,MDU,05,SK5부두,20260101064120,20260101043000
150040,2025,115,004,오성호,OSUNG,20251231123000,20260101113500,5,이안,MDU,05,SK5부두,20260101115702,20260101095000
150040,2025,115,005,오성호,OSUNG,20251231123000,20260101113500,6,이선,MLJ,01,장생포호안,20260101115702,20260101102500
150040,2025,115,006,오성호,OSUNG,20251231123000,20260101113500,9,출항,MLJ,01,장생포호안,20260101115820,20260101113500
150040,2025,045,004,오성호,OSUNG,20250531020500,20250531230500,5,이안,MBU,01,SK2부두 01,20250531230547,20250531220500
150040,2025,045,005,오성호,OSUNG,20250531020500,20250531230500,6,이선,MLJ,01,장생포호안,20250531230547,20250531220500
150040,2025,045,006,오성호,OSUNG,20250531020500,20250531230500,9,출항,MLJ,01,장생포호안,20250531230547,20250531230500
150040,2025,046,001,오성호,OSUNG,20250603030600,20250603160600,3,입항,MLJ,01,장생포호안,20250603170607,20250603030600
150040,2025,046,002,오성호,OSUNG,20250603030600,20250603160600,5,이안,MLJ,01,장생포호안,20250603170607,20250603080600
150040,2025,046,003,오성호,OSUNG,20250603030600,20250603160600,6,이선,MBU,01,SK2부두 01,20250603170607,20250603080600
150040,2025,046,004,오성호,OSUNG,20250603030600,20250603160600,9,출항,MBU,01,SK2부두 01,20250603170607,20250603160600
150040,2025,047,001,오성호,OSUNG,20250605130600,20250605190600,3,입항,MBU,01,SK2부두 01,20250605230607,20250605130600
150040,2025,047,002,오성호,OSUNG,20250605130600,20250605190600,9,출항,MBU,01,SK2부두 01,20250605230608,20250605190600
150040,2025,048,001,오성호,OSUNG,20250608010600,20250608140600,3,입항,WAM,01,정박지 01,20250608150611,20250608010600
150040,2025,048,002,오성호,OSUNG,20250608010600,20250608140600,8,양묘,WAM,01,정박지 01,20250608150611,20250608060600
150040,2025,048,003,오성호,OSUNG,20250608010600,20250608140600,4,접안,MBU,01,SK2부두 01,20250608150611,20250608060600
150040,2025,048,004,오성호,OSUNG,20250608010600,20250608140600,5,이안,MBU,01,SK2부두 01,20250608150611,20250608140600
150040,2025,048,005,오성호,OSUNG,20250608010600,20250608140600,6,이선,MLJ,01,장생포호안,20250608150611,20250608140600
150040,2025,048,006,오성호,OSUNG,20250608010600,20250608140600,9,출항,MLJ,01,장생포호안,20250608150611,20250608140600
150040,2025,049,001,오성호,OSUNG,20250610160600,20250612020600,3,입항,MLJ,01,장생포호안,20250612060640,20250610160600
150040,2025,049,002,오성호,OSUNG,20250610160600,20250612020600,5,이안,MLJ,01,장생포호안,20250612060640,20250611180600
150040,2025,049,003,오성호,OSUNG,20250610160600,20250612020600,6,이선,MBU,01,SK2부두 01,20250612060640,20250611180600
150040,2025,049,004,오성호,OSUNG,20250610160600,20250612020600,9,출항,MBU,01,SK2부두 01,20250612060640,20250612020600
150040,2025,050,001,오성호,OSUNG,20250613090600,20250613220600,3,입항,WAM,06,정박지 06,20250613230644,20250613090600
150040,2025,050,002,오성호,OSUNG,20250613090600,20250613220600,8,양묘,WAM,06,정박지 06,20250613230644,20250613140600
150040,2025,050,003,오성호,OSUNG,20250613090600,20250613220600,4,접안,MBU,01,SK2부두 01,20250613230644,20250613150600
150040,2025,050,004,오성호,OSUNG,20250613090600,20250613220600,9,출항,MBU,01,SK2부두 01,20250613230645,20250613220600
150040,2025,051,001,오성호,OSUNG,20250617080600,20250617200600,3,입항,MLJ,01,장생포호안,20250617230656,20250617080600
150040,2025,051,002,오성호,OSUNG,20250617080600,20250617200600,5,이안,MLJ,01,장생포호안,20250617230656,20250617120600
150040,2025,051,003,오성호,OSUNG,20250617080600,20250617200600,6,이선,MBU,01,SK2부두 01,20250617230656,20250617120600
150040,2025,051,004,오성호,OSUNG,20250617080600,20250617200600,9,출항,MBU,01,SK2부두 01,20250617230656,20250617200600
150040,2025,052,001,오성호,OSUNG,20250619070600,20250620030600,3,입항,WAM,04,정박지 04,20250620060608,20250619070600
150040,2025,052,002,오성호,OSUNG,20250619070600,20250620030600,8,양묘,WAM,04,정박지 04,20250620060608,20250619210600
150040,2025,052,003,오성호,OSUNG,20250619070600,20250620030600,4,접안,MDU,05,SK5부두,20250620060608,20250619210600
150040,2025,052,004,오성호,OSUNG,20250619070600,20250620030600,9,출항,MDU,05,SK5부두,20250620060608,20250620030600
150040,2025,053,001,오성호,OSUNG,20250620210600,20250621080600,3,입항,MLJ,01,장생포호안,20250621100647,20250620210600
150040,2025,053,002,오성호,OSUNG,20250620210600,20250621080600,5,이안,MLJ,01,장생포호안,20250621100647,20250621000600
150040,2025,053,003,오성호,OSUNG,20250620210600,20250621080600,6,이선,MBU,01,SK2부두 01,20250621100647,20250621000600
150040,2025,053,004,오성호,OSUNG,20250620210600,20250621080600,9,출항,MBU,01,SK2부두 01,20250621100647,20250621080600
150040,2025,054,001,오성호,OSUNG,20250624230600,20250625040600,3,입항,MBU,01,SK2부두 01,20250625070629,20250624230600
150040,2025,054,002,오성호,OSUNG,20250624230600,20250625040600,9,출항,MBU,01,SK2부두 01,20250625070629,20250625040600
150040,2025,055,001,오성호,OSUNG,20250630080600,20250701040700,3,입항,WAM,02,정박지 02,20250701050731,20250630080600
150040,2025,055,002,오성호,OSUNG,20250630080600,20250701040700,8,양묘,WAM,02,정박지 02,20250701050731,20250630130600
150040,2025,055,003,오성호,OSUNG,20250630080600,20250701040700,4,접안,MBJ,02,자동차부두 02,20250701050731,20250630140600
150040,2025,055,004,오성호,OSUNG,20250630080600,20250701040700,5,이안,MBJ,02,자동차부두 02,20250701050731,20250630200600
150040,2025,055,005,오성호,OSUNG,20250630080600,20250701040700,6,이선,MBU,01,SK2부두 01,20250701050731,20250630200600
150040,2025,055,006,오성호,OSUNG,20250630080600,20250701040700,9,출항,MBU,01,SK2부두 01,20250701050731,20250701040700
150040,2025,056,001,오성호,OSUNG,20250702140700,20250705020700,3,입항,WAM,03,정박지 03,20250705060706,20250702140700
150040,2025,056,002,오성호,OSUNG,20250702140700,20250705020700,8,양묘,WAM,03,정박지 03,20250705060707,20250703090700
150040,2025,056,003,오성호,OSUNG,20250702140700,20250705020700,4,접안,MBU,01,SK2부두 01,20250705060707,20250703090700
150040,2025,056,004,오성호,OSUNG,20250702140700,20250705020700,5,이안,MBU,01,SK2부두 01,20250705060707,20250703150700
150040,2025,056,005,오성호,OSUNG,20250702140700,20250705020700,6,이선,MLJ,01,장생포호안,20250705060707,20250703160700
150040,2025,056,006,오성호,OSUNG,20250702140700,20250705020700,5,이안,MLJ,01,장생포호안,20250705060707,20250704110700
150040,2025,056,007,오성호,OSUNG,20250702140700,20250705020700,6,이선,MBJ,01,자동차부두 01,20250705060707,20250704120700
150040,2025,056,008,오성호,OSUNG,20250702140700,20250705020700,5,이안,MBJ,01,자동차부두 01,20250705060707,20250704190700
150040,2025,056,009,오성호,OSUNG,20250702140700,20250705020700,6,이선,MBU,01,SK2부두 01,20250705060707,20250704200700
150040,2025,056,010,오성호,OSUNG,20250702140700,20250705020700,9,출항,MBU,01,SK2부두 01,20250705060707,20250705020700
150040,2025,057,001,오성호,OSUNG,20250709010700,20250709080700,3,입항,MDU,05,SK5부두,20250709080719,20250709010700
150040,2025,057,002,오성호,OSUNG,20250709010700,20250709080700,9,출항,MDU,05,SK5부두,20250709080719,20250709080700
150040,2025,058,001,오성호,OSUNG,20250711120700,20250712040700,3,입항,MLJ,01,장생포호안,20250712060738,20250711120700
150040,2025,058,002,오성호,OSUNG,20250711120700,20250712040700,5,이안,MLJ,01,장생포호안,20250712060738,20250711160700
150040,2025,058,003,오성호,OSUNG,20250711120700,20250712040700,6,이선,MBU,11,SK1부두 11,20250712060738,20250711160700
150040,2025,058,004,오성호,OSUNG,20250711120700,20250712040700,5,이안,MBU,11,SK1부두 11,20250712060738,20250711220700
150040,2025,058,005,오성호,OSUNG,20250711120700,20250712040700,7,투묘,WAM,04,정박지 04,20250712060738,20250711230700
150040,2025,058,006,오성호,OSUNG,20250711120700,20250712040700,9,출항,WAM,04,정박지 04,20250712060738,20250712040700
150040,2025,059,001,오성호,OSUNG,20250713140700,20250714000700,3,입항,MBU,01,SK2부두 01,20250714060716,20250713140700
150040,2025,059,002,오성호,OSUNG,20250713140700,20250714000700,9,출항,MBU,01,SK2부두 01,20250714060716,20250714000700
150040,2025,060,001,오성호,OSUNG,20250715230700,20250716220700,3,입항,WAM,01,정박지 01,20250716230750,20250715230700
150040,2025,060,002,오성호,OSUNG,20250715230700,20250716220700,8,양묘,WAM,01,정박지 01,20250716230750,20250716160700
150040,2025,060,003,오성호,OSUNG,20250715230700,20250716220700,4,접안,MBU,11,SK1부두 11,20250716230750,20250716160700
150040,2025,060,004,오성호,OSUNG,20250715230700,20250716220700,9,출항,MBU,11,SK1부두 11,20250716230750,20250716220700
150040,2025,061,001,오성호,OSUNG,20250719080700,20250719220700,3,입항,MDU,05,SK5부두,20250719220738,20250719080700
150040,2025,061,002,오성호,OSUNG,20250719080700,20250719220700,5,이안,MDU,05,SK5부두,20250719220738,20250719080700
150040,2025,061,003,오성호,OSUNG,20250719080700,20250719220700,6,이선,MLJ,01,장생포호안,20250719220738,20250719090700
150040,2025,061,004,오성호,OSUNG,20250719080700,20250719220700,5,이안,MLJ,01,장생포호안,20250719220738,20250719140700
150040,2025,061,005,오성호,OSUNG,20250719080700,20250719220700,6,이선,MBU,01,SK2부두 01,20250719220738,20250719150700
150040,2025,061,006,오성호,OSUNG,20250719080700,20250719220700,9,출항,MBU,01,SK2부두 01,20250719220738,20250719220700
150040,2025,062,001,오성호,OSUNG,20250721190700,20250722040700,3,입항,WAM,05,정박지 05,20250722060731,20250721190700
150040,2025,062,002,오성호,OSUNG,20250721190700,20250722040700,8,양묘,WAM,05,정박지 05,20250722060731,20250721190700
150040,2025,062,003,오성호,OSUNG,20250721190700,20250722040700,4,접안,MBU,01,SK2부두 01,20250722060731,20250721200700
150040,2025,062,004,오성호,OSUNG,20250721190700,20250722040700,9,출항,MBU,01,SK2부두 01,20250722060731,20250722040700
150040,2025,063,001,오성호,OSUNG,20250723190700,20250724050700,3,입항,MLJ,01,장생포호안,20250724070711,20250723190700
150040,2025,063,002,오성호,OSUNG,20250723190700,20250724050700,5,이안,MLJ,01,장생포호안,20250724070711,20250724010700
150040,2025,063,003,오성호,OSUNG,20250723190700,20250724050700,6,이선,MBU,01,SK2부두 01,20250724070711,20250724010700
150040,2025,063,004,오성호,OSUNG,20250723190700,20250724050700,9,출항,MBU,01,SK2부두 01,20250724070711,20250724050700
150040,2025,064,001,오성호,OSUNG,20250730010700,20250730090700,3,입항,WAM,06,정박지 06,20250730100715,20250730010700
150040,2025,064,002,오성호,OSUNG,20250730010700,20250730090700,8,양묘,WAM,06,정박지 06,20250730100715,20250730030700
150040,2025,064,003,오성호,OSUNG,20250730010700,20250730090700,4,접안,MBU,01,SK2부두 01,20250730100715,20250730040700
150040,2025,064,004,오성호,OSUNG,20250730010700,20250730090700,9,출항,MBU,01,SK2부두 01,20250730100715,20250730090700
150040,2025,065,001,오성호,OSUNG,20250803150800,20250804160800,3,입항,WAM,01,정박지 01,20250804170809,20250803150800
150040,2025,065,002,오성호,OSUNG,20250803150800,20250804160800,8,양묘,WAM,01,정박지 01,20250804170809,20250803220800
150040,2025,065,003,오성호,OSUNG,20250803150800,20250804160800,4,접안,MBU,11,SK1부두 11,20250804170809,20250803220800
150040,2025,065,004,오성호,OSUNG,20250803150800,20250804160800,5,이안,MBU,11,SK1부두 11,20250804170809,20250804110800
150040,2025,065,005,오성호,OSUNG,20250803150800,20250804160800,7,투묘,WAM,07,정박지 07,20250804170809,20250804110800
150040,2025,065,006,오성호,OSUNG,20250803150800,20250804160800,9,출항,WAM,07,정박지 07,20250804170809,20250804160800
150040,2025,066,001,오성호,OSUNG,20250806010800,20250806180800,3,입항,MLJ,01,장생포호안,20250806190817,20250806010800
150040,2025,066,002,오성호,OSUNG,20250806010800,20250806180800,5,이안,MLJ,01,장생포호안,20250806190817,20250806120800
150040,2025,066,003,오성호,OSUNG,20250806010800,20250806180800,6,이선,MBU,01,SK2부두 01,20250806190817,20250806130800
150040,2025,066,004,오성호,OSUNG,20250806010800,20250806180800,9,출항,MBU,01,SK2부두 01,20250806190817,20250806180800
150040,2025,067,001,오성호,OSUNG,20250808030800,20250808190800,3,입항,WAM,03,정박지 03,20250808220845,20250808030800
150040,2025,067,002,오성호,OSUNG,20250808030800,20250808190800,8,양묘,WAM,03,정박지 03,20250808220845,20250808100800
150040,2025,067,003,오성호,OSUNG,20250808030800,20250808190800,4,접안,MBU,11,SK1부두 11,20250808220845,20250808110800
150040,2025,067,004,오성호,OSUNG,20250808030800,20250808190800,9,출항,MBU,11,SK1부두 11,20250808220845,20250808190800
150040,2025,068,001,오성호,OSUNG,20250811160800,20250812030800,3,입항,WAM,01,정박지 01,20250812070854,20250811160800
150040,2025,068,002,오성호,OSUNG,20250811160800,20250812030800,8,양묘,WAM,01,정박지 01,20250812070854,20250811190800
150040,2025,068,003,오성호,OSUNG,20250811160800,20250812030800,4,접안,MBU,11,SK1부두 11,20250812070854,20250811200800
150040,2025,068,004,오성호,OSUNG,20250811160800,20250812030800,9,출항,MBU,11,SK1부두 11,20250812070854,20250812030800
150040,2025,069,001,오성호,OSUNG,20250817120800,20250817180800,3,입항,WAM,01,정박지 01,20250817210809,20250817120800
150040,2025,069,002,오성호,OSUNG,20250817120800,20250817180800,8,양묘,WAM,01,정박지 01,20250817210809,20250817140800
150040,2025,069,003,오성호,OSUNG,20250817120800,20250817180800,4,접안,MDU,05,SK5부두,20250817210809,20250817140800
150040,2025,069,004,오성호,OSUNG,20250817120800,20250817180800,9,출항,MDU,05,SK5부두,20250817210809,20250817180800
150040,2025,070,001,오성호,OSUNG,20250819020800,20250819180800,3,입항,WAM,01,정박지 01,20250819190818,20250819020800
150040,2025,070,002,오성호,OSUNG,20250819020800,20250819180800,8,양묘,WAM,01,정박지 01,20250819190818,20250819110800
150040,2025,070,003,오성호,OSUNG,20250819020800,20250819180800,4,접안,MBU,01,SK2부두 01,20250819190818,20250819110800
150040,2025,070,004,오성호,OSUNG,20250819020800,20250819180800,9,출항,MBU,01,SK2부두 01,20250819190818,20250819180800
150040,2025,071,001,오성호,OSUNG,20250821030800,20250821170800,3,입항,WAM,01,정박지 01,20250821170807,20250821030800
150040,2025,071,002,오성호,OSUNG,20250821030800,20250821170800,8,양묘,WAM,01,정박지 01,20250821170807,20250821100800
150040,2025,071,003,오성호,OSUNG,20250821030800,20250821170800,4,접안,MBU,01,SK2부두 01,20250821170807,20250821100800
150040,2025,071,004,오성호,OSUNG,20250821030800,20250821170800,9,출항,MBU,01,SK2부두 01,20250821170807,20250821170800
150040,2025,072,001,오성호,OSUNG,20250824020800,20250824200800,3,입항,WAM,01,정박지 01,20250824220808,20250824020800
150040,2025,072,002,오성호,OSUNG,20250824020800,20250824200800,8,양묘,WAM,01,정박지 01,20250824220809,20250824120800
150040,2025,072,003,오성호,OSUNG,20250824020800,20250824200800,4,접안,MBU,01,SK2부두 01,20250824220809,20250824130800
150040,2025,072,004,오성호,OSUNG,20250824020800,20250824200800,9,출항,MBU,01,SK2부두 01,20250824220809,20250824200800
150040,2025,073,001,오성호,OSUNG,20250825220800,20250826080800,3,입항,WAM,02,정박지 02,20250826110813,20250825220800
150040,2025,073,002,오성호,OSUNG,20250825220800,20250826080800,8,양묘,WAM,02,정박지 02,20250826110813,20250826000800
150040,2025,073,003,오성호,OSUNG,20250825220800,20250826080800,4,접안,MBU,01,SK2부두 01,20250826110813,20250826010800
150040,2025,073,004,오성호,OSUNG,20250825220800,20250826080800,9,출항,MBU,01,SK2부두 01,20250826110813,20250826080800
150040,2025,074,001,오성호,OSUNG,20250828170800,20250829170800,3,입항,MLJ,01,장생포호안,20250829190857,20250828170800
150040,2025,074,002,오성호,OSUNG,20250828170800,20250829170800,5,이안,MLJ,01,장생포호안,20250829190857,20250829080800
150040,2025,074,003,오성호,OSUNG,20250828170800,20250829170800,6,이선,MBU,01,SK2부두 01,20250829190857,20250829080800
150040,2025,074,004,오성호,OSUNG,20250828170800,20250829170800,5,이안,MBU,01,SK2부두 01,20250829190857,20250829160800
150040,2025,074,005,오성호,OSUNG,20250828170800,20250829170800,6,이선,MLJ,01,장생포호안,20250829190857,20250829160800
150040,2025,074,006,오성호,OSUNG,20250828170800,20250829170800,9,출항,MLJ,01,장생포호안,20250829190857,20250829170800
150040,2025,075,001,오성호,OSUNG,20250831060800,20250831200800,3,입항,MLJ,01,장생포호안,20250831210808,20250831060800
150040,2025,075,002,오성호,OSUNG,20250831060800,20250831200800,5,이안,MLJ,01,장생포호안,20250831210808,20250831140800
150040,2025,075,003,오성호,OSUNG,20250831060800,20250831200800,6,이선,MBU,01,SK2부두 01,20250831210808,20250831140800
150040,2025,075,004,오성호,OSUNG,20250831060800,20250831200800,9,출항,MBU,01,SK2부두 01,20250831210808,20250831200800
150040,2025,076,001,오성호,OSUNG,20250904230900,20250905170900,3,입항,WAM,01,정박지 01,20250905180925,20250904230900
150040,2025,076,002,오성호,OSUNG,20250904230900,20250905170900,8,양묘,WAM,01,정박지 01,20250905180925,20250905080900
150040,2025,076,003,오성호,OSUNG,20250904230900,20250905170900,4,접안,MBU,01,SK2부두 01,20250905180925,20250905090900
150040,2025,076,004,오성호,OSUNG,20250904230900,20250905170900,9,출항,MBU,01,SK2부두 01,20250905180925,20250905170900
150040,2025,077,001,오성호,OSUNG,20250906060900,20250906120900,3,입항,MBU,01,SK2부두 01,20250906140939,20250906060900
150040,2025,077,002,오성호,OSUNG,20250906060900,20250906120900,9,출항,MBU,01,SK2부두 01,20250906140940,20250906120900
150040,2025,078,001,오성호,OSUNG,20250909020900,20250911170900,3,입항,MLJ,01,장생포호안,20250911180958,20250909020900
150040,2025,078,002,오성호,OSUNG,20250909020900,20250911170900,5,이안,MLJ,01,장생포호안,20250911180958,20250911100900
150040,2025,078,003,오성호,OSUNG,20250909020900,20250911170900,6,이선,MBU,01,SK2부두 01,20250911180958,20250911110900
150040,2025,078,004,오성호,OSUNG,20250909020900,20250911170900,9,출항,MBU,01,SK2부두 01,20250911180958,20250911170900
150040,2025,079,001,오성호,OSUNG,20250912230900,20250913050900,3,입항,MDU,05,SK5부두,20250913060903,20250912230900
150040,2025,079,002,오성호,OSUNG,20250912230900,20250913050900,9,출항,MDU,05,SK5부두,20250913060903,20250913050900
150040,2025,080,001,오성호,OSUNG,20250914190900,20250915050900,3,입항,WAM,01,정박지 01,20250915060905,20250914190900
150040,2025,080,002,오성호,OSUNG,20250914190900,20250915050900,8,양묘,WAM,01,정박지 01,20250915060905,20250914210900
150040,2025,080,003,오성호,OSUNG,20250914190900,20250915050900,4,접안,MBU,11,SK1부두 11,20250915060905,20250914210900
150040,2025,080,004,오성호,OSUNG,20250914190900,20250915050900,9,출항,MBU,11,SK1부두 11,20250915060905,20250915050900
150040,2025,081,001,오성호,OSUNG,20250917030900,20250917060900,3,입항,MLJ,01,장생포호안,20250917070954,20250917030900
150040,2025,081,002,오성호,OSUNG,20250917030900,20250917060900,9,출항,MLJ,01,장생포호안,20250917070954,20250917060900
150040,2025,082,001,오성호,OSUNG,20250918100900,20250918170900,3,입항,MBU,01,SK2부두 01,20250918190942,20250918100900
150040,2025,082,002,오성호,OSUNG,20250918100900,20250918170900,9,출항,MBU,01,SK2부두 01,20250918190942,20250918170900
150040,2025,083,001,오성호,OSUNG,20250920200900,20250922030900,3,입항,MLJ,01,장생포호안,20250922060910,20250920200900
150040,2025,083,002,오성호,OSUNG,20250920200900,20250922030900,5,이안,MLJ,01,장생포호안,20250922060910,20250921180900
150040,2025,083,003,오성호,OSUNG,20250920200900,20250922030900,6,이선,MBU,01,SK2부두 01,20250922060910,20250921190900
150040,2025,083,004,오성호,OSUNG,20250920200900,20250922030900,9,출항,MBU,01,SK2부두 01,20250922060910,20250922030900
150040,2025,084,001,오성호,OSUNG,20250925070900,20250925140900,3,입항,WAM,04,정박지 04,20250925140900,20250925070900
150040,2025,084,002,오성호,OSUNG,20250925070900,20250925140900,8,양묘,WAM,04,정박지 04,20250925140900,20250925090900
150040,2025,084,003,오성호,OSUNG,20250925070900,20250925140900,4,접안,MBU,01,SK2부두 01,20250925140900,20250925100900
150040,2025,084,004,오성호,OSUNG,20250925070900,20250925140900,9,출항,MBU,01,SK2부두 01,20250925140900,20250925140900
150040,2025,085,001,오성호,OSUNG,20250930130900,20251001111000,3,입항,WAM,04,정박지 04,20251001131048,20250930130900
150040,2025,085,002,오성호,OSUNG,20250930130900,20251001111000,8,양묘,WAM,04,정박지 04,20251001131048,20251001031000
150040,2025,085,003,오성호,OSUNG,20250930130900,20251001111000,4,접안,MBU,11,SK1부두 11,20251001131048,20251001031000
150040,2025,085,004,오성호,OSUNG,20250930130900,20251001111000,9,출항,MBU,11,SK1부두 11,20251001131048,20251001111000
150040,2025,086,001,오성호,OSUNG,20251002181000,20251003061000,3,입항,WAM,03,정박지 03,20251003071026,20251002181000
150040,2025,086,002,오성호,OSUNG,20251002181000,20251003061000,8,양묘,WAM,03,정박지 03,20251003071026,20251002211000
150040,2025,086,003,오성호,OSUNG,20251002181000,20251003061000,4,접안,MBU,11,SK1부두 11,20251003071026,20251002221000
150040,2025,086,004,오성호,OSUNG,20251002181000,20251003061000,9,출항,MBU,11,SK1부두 11,20251003071026,20251003061000
150040,2025,087,001,오성호,OSUNG,20251004071000,20251005151000,3,입항,WAM,01,정박지 01,20251005191021,20251004071000
150040,2025,087,002,오성호,OSUNG,20251004071000,20251005151000,8,양묘,WAM,01,정박지 01,20251005191021,20251005071000
150040,2025,087,003,오성호,OSUNG,20251004071000,20251005151000,4,접안,MBU,11,SK1부두 11,20251005191021,20251005081000
150040,2025,087,004,오성호,OSUNG,20251004071000,20251005151000,9,출항,MBU,11,SK1부두 11,20251005191021,20251005151000
150040,2025,088,001,오성호,OSUNG,20251008041000,20251011141000,3,입항,WAM,01,정박지 01,20251011171037,20251008041000
150040,2025,088,002,오성호,OSUNG,20251008041000,20251011141000,8,양묘,WAM,01,정박지 01,20251011171037,20251011061000
150040,2025,088,003,오성호,OSUNG,20251008041000,20251011141000,4,접안,MBU,11,SK1부두 11,20251011171037,20251011071000
150040,2025,088,004,오성호,OSUNG,20251008041000,20251011141000,9,출항,MBU,11,SK1부두 11,20251011171037,20251011141000
150040,2025,089,001,오성호,OSUNG,20251014211000,20251017231000,3,입항,WAM,02,정박지 02,20251018061054,20251014211000
150040,2025,089,002,오성호,OSUNG,20251014211000,20251017231000,8,양묘,WAM,02,정박지 02,20251018061054,20251015191000
150040,2025,089,003,오성호,OSUNG,20251014211000,20251017231000,4,접안,MDU,05,SK5부두,20251018061054,20251015191000
150040,2025,089,004,오성호,OSUNG,20251014211000,20251017231000,5,이안,MDU,05,SK5부두,20251018061054,20251016011000
150040,2025,089,005,오성호,OSUNG,20251014211000,20251017231000,6,이선,MLJ,01,장생포호안,20251018061054,20251016021000
150040,2025,089,006,오성호,OSUNG,20251014211000,20251017231000,5,이안,MLJ,01,장생포호안,20251018061054,20251016091000
150040,2025,089,007,오성호,OSUNG,20251014211000,20251017231000,7,투묘,WAM,06,정박지 06,20251018061054,20251016101000
150040,2025,089,008,오성호,OSUNG,20251014211000,20251017231000,8,양묘,WAM,06,정박지 06,20251018061054,20251016151000
150040,2025,089,009,오성호,OSUNG,20251014211000,20251017231000,4,접안,MBJ,03,자동차부두 03,20251018061054,20251016151000
150040,2025,089,010,오성호,OSUNG,20251014211000,20251017231000,5,이안,MBJ,03,자동차부두 03,20251018061054,20251016201000
150040,2025,089,011,오성호,OSUNG,20251014211000,20251017231000,6,이선,MLJ,01,장생포호안,20251018061054,20251016211000
150040,2025,089,012,오성호,OSUNG,20251014211000,20251017231000,5,이안,MLJ,01,장생포호안,20251018061054,20251017101000
150040,2025,089,013,오성호,OSUNG,20251014211000,20251017231000,6,이선,MBU,01,SK2부두 01,20251018061054,20251017101000
150040,2025,089,014,오성호,OSUNG,20251014211000,20251017231000,5,이안,MBU,01,SK2부두 01,20251018061054,20251017111000
150040,2025,089,015,오성호,OSUNG,20251014211000,20251017231000,6,이선,MLJ,01,장생포호안,20251018061054,20251017121000
150040,2025,089,016,오성호,OSUNG,20251014211000,20251017231000,9,출항,MLJ,01,장생포호안,20251018061054,20251017231000
150040,2025,090,001,오성호,OSUNG,20251024141000,20251025041000,3,입항,MLJ,01,장생포호안,20251025061015,20251024141000
150040,2025,090,002,오성호,OSUNG,20251024141000,20251025041000,5,이안,MLJ,01,장생포호안,20251025061015,20251024171000
150040,2025,090,003,오성호,OSUNG,20251024141000,20251025041000,6,이선,MBU,01,SK2부두 01,20251025061015,20251024171000
150040,2025,090,004,오성호,OSUNG,20251024141000,20251025041000,5,이안,MBU,01,SK2부두 01,20251025061016,20251025011000
150040,2025,090,005,오성호,OSUNG,20251024141000,20251025041000,6,이선,MLJ,01,장생포호안,20251025061016,20251025021000
150040,2025,090,006,오성호,OSUNG,20251024141000,20251025041000,9,출항,MLJ,01,장생포호안,20251025061016,20251025041000
150040,2025,091,001,오성호,OSUNG,20251026181000,20251028011000,3,입항,MLJ,01,장생포호안,20251028061057,20251026181000
150040,2025,091,002,오성호,OSUNG,20251026181000,20251028011000,5,이안,MLJ,01,장생포호안,20251028061057,20251027171000
150040,2025,091,003,오성호,OSUNG,20251026181000,20251028011000,6,이선,MBU,11,SK1부두 11,20251028061057,20251027181000
150040,2025,091,004,오성호,OSUNG,20251026181000,20251028011000,9,출항,MBU,11,SK1부두 11,20251028061057,20251028011000
150040,2025,092,001,오성호,OSUNG,20251030011000,20251030131000,3,입항,MLJ,01,장생포호안,20251030151059,20251030011000
150040,2025,092,002,오성호,OSUNG,20251030011000,20251030131000,5,이안,MLJ,01,장생포호안,20251030151059,20251030071000
150040,2025,092,003,오성호,OSUNG,20251030011000,20251030131000,6,이선,MBU,11,SK1부두 11,20251030151059,20251030071000
150040,2025,092,004,오성호,OSUNG,20251030011000,20251030131000,9,출항,MBU,11,SK1부두 11,20251030151059,20251030131000
150040,2025,093,001,오성호,OSUNG,20251101051100,20251102141100,3,입항,MLJ,01,장생포호안,20251102171151,20251101051100